pdb_id,chain_code,seq,sst8,sst3,len,has_nonstd_aa,Exptl.,resolution,R-factor,FreeRvalue
,,GVGTVPMTDYGNDVEYYGQVTIGTPGKSFNLNFDTGSSNLWVGSVQCQASGCKGGRDKFNPSDGSTFKATGYDASIGYGDGSASGVLGYDTVQVGGIDVTGGPQIQLAQRLGGGGFPGDNDGLLGLGFDTLSITPQSSTNAFDQVSAQGKVIQPVFVVYLAASNISDGDFTMPGWIDNKYGGTLLNTNIDAGEGYWALNVTGATADSTYLGAIFQAILDTGTSLLILPDEAAVGNLVGFAGAQDAALGGFVIACTSAGFKSIPWSIYSAIFEIITALGNAEDDSGCTSGIGASSLGEAILGDQFLKQQYVVFDRDNGIRLAPVA,,CCCCCCCCCCCCCCCCCCCEECCCCCCEECCEEECCCCCCEECCCCCCCCCCCCCCCCCCCCCCCCCCCCCCCCCCCCCCCCCEECCCCCCCCCCCCCCCCCCCCEEEEECCCCCCCCCCCCEEECCCCCCCCCCCCCCCHHHHHHHCCCCCCCCCCCEEECCCCCEEECCCCCCCCCCCCCCCCCCCCCCCCCCCCEECCCCCCCCCCCCCCCEECCCCCCCCEECCCCCCCCCCCCCCCCCCCCCCCCCCCCCCCCCCCCCCCCCCCCCCCCCCCCCCCCCCCCCCCCCCCCCCCCEECHHHHCCCCCEEECCCEEECCCCC,324,,,,,
,,AQCEATIESNDAMQYDLKEMVVDKSCKQFTVHLKHVGKMAKSVMGHNWVLTKEADKEGVATDGMNAGLAQDYVKAGDTRVIAHTKVIGGGESDSVTFDVSKLTPGEAYAYFCSFPGHWAMMKGTLKLSN,,CCCEEEEEECCCCCCCCCEEEEECCCCEEEEEEEECCCCCHHHHCCCCEEEECCCHHHHHHHHHCCCCCCCCCCCCCCCCCEECCCCCCCCEEEEEEECCCCCCCCCEEEECCCCCCCCCCEEEEEEEC,129,,,,,
,,SVDIQGNDQMQFNTNAITVDKSCKQFTVNLSHPGNLPKNVMGHNWVLSTAADMQGVVTDGMASGLDKDYLKPDDSRVIAHTKLIGSGEKDSVTFDVSKLKEGEQYMFFCTFPGHSALMKGTLTLK,,CEEEECCCCCCCCCCCEEECCCCCEEEEEEECCCCCCCCCCCCCCEEEECCCCHHHHHHHHHHCHHHHCCCCCCCCCCCCCCCCCCCCCEEEEEECCCCCCCCCEEEECCCCCCCCCCEEEEEEC,125,,,,,
,,ALWQFNGMIKCKIPSSEPLLDFNNYGCYCGLGGSGTPVDDLDRCCQTHDNCYKQAKKLDSCKVLVDNPYTNNYSYSCSNNEITCSSENNACEAFICNCDRNAAICFSKVPYNKEHKNLDKKNC,,CHHHHHHHHHHHCCCCCHHHHCCCCCCCCCCCCCCCCCCHHHHHHHHHHHHHHHHCCCHHHHHCCCCCCCCCCCEEEECCEEEECCCCCHHHHHHHHHHHHHHHHHHCCCCCCCCCCCCCCCC,123,,,,,
,,HWGYGKHDGPEHWHKDFPIAKGERQSPVDIDTHTAKYDPSLKPLSVSYDQATSLRILNDGHAFNVEFDDSEDKAVLKGGPLDGTYRLIQFHFHWGSLDGEGSQHTVDKKKYAAELHLVHWNTKYGDFGKAVQQPDGLAVLGIFLKVGSAKPGLQKVVDVLDSIKTKGKSADFTNFDPRGLLPESLDYWTYPGSLTTPPLLECVTWIVLKEPISVSSEQVLKFRKLNFDGEGEPEELMVDNWRPAQPLKNRQIKASF,,CCCCCCCCCCCCCCCCCCCCCCCCCCCCEECCCCCCCCCCCCCEEEECCCCCCCEEEECCCCEEEECCCCCCCCEEEECCCCCCEEEEEEEEEECCCCCCCCCCEECCCCCCEEEEEEEEECCCCCHHHHCCCCCCEEEEEEEEEEECCCHHHHHHHCCCCCCCCCCCEEECCCCCCCCCCCCCCCCEECEECCCCCCCCCCEEEEECCCCEEEEHHHHHHHCCCCCCCCCCCCCCCCCCCCCCCCCCCCCCEECC,256,,,,,
,,GGGARSGDDVVAKYCNACHGTGLLNAPKVGDSAAWKTRADAKGGLDGLLAQSLSGLNAMPPKGTCADCSDDELKAAIGKMSGL,,CCCCCCCHHHHHHCCHHHHCCCCCCCCCCCCHHHHHHHHHHHCCCCCCHHHHHHCCCCCCCCCCCCCCCHHHHHHHHHHHHCC,83,,,,,
,,ASFSEAPPGNPKAGEKIFKTKCAQCHTVDKGAGHKQGPNLNGLFGRQSGTTPGYSYSTADKNMAVIWEENTLYDYLLNPKKYIPGTKMVFPGLKKPQERADLISYLKEATS,,CCCCCCCCCCHHHHHHHHHHHCCCCCCCCCCCCCCCCCCCCCCCCCCCCCCCCCCCCHHHHHHCCCCCHHHHHHHHHCHHHHCCCCCCCCCCCCCHHHHHHHHHHHHHHCC,111,,,,,
,,AFAGVLNDADIAAALEACKAADSFNHKAFFAKVGLTSKSADDVKKAFAIIDQDKSGFIEEDELKLFLQNFKADARALTDGETKTFLKAGDSDGDGKIGVDEFTALVKA,,CCCCCCCHHHHHHHHHHCCCCCCCCHHHHHHHCCCCCCCHHHHHHHHHHHCCCCCCEEEHHHHHCCCCCCCCCCCCCCHHHHHHHHHHCCCCCCCEEEHHHHHHHHHC,108,,,,,
,,TTCCPSIVARSNFNVCRLPGTPEAICATYTGCIIIPGATCPGDYAN,,CEECCCHHHHHHHHHHHCCCCCHHHHHHHHCCEECCCCCCCCCCCC,46,,,,,
,,IRCFITPDITSKDCPNGHVCYTKTWCDAFCSIRGKRVDLGCAATCPTVKTGVDIQCCSTDNCNPFPTRKRP,,CCCCCCCCCCCCCCCCCCCEEEEEECCCCHHHHCCEEEEECCCCCCCCCCCCEEEEECCCCCCCCCCCCCC,71,,,,,
,,ADAPGDDYVISAPEGMKAKPKGDKPGALQKTVPFPHTKHATVECVQCHHTLEADGGAVKKCTTSGCHDSLEFRDKANAKDIKLVESAFHTQCIDCHALKKKDKKPTGPTACGKCHTTN,,CCCCCCCCCCCCCCCCCCCCCCCCCCCCCCCCCCCCCCCCCCCCCCCCCCCCCCCCCCCCCCCCCCCCCCCCCCCCCCCCCCCCCCHHHHHHHHHHHHHHHHCCCCCCCCCCCCCCCC,118,,,,,
,,GDVAKGKKTFVQKCAQCHTVENGGKHKVGPNLWGLFGRKTGQAEGYSYTDANKSKGIVWNENTLMEYLENPKKYIPGTKMIFAGIKKKGERQDLVAYLKSATS,,CHHHHHHHHHHHHCCCCCCCCCCCCCCCCCCCCCCCCCCCCCCCCCCCCCCCCCCCCCCCHHHHHHHHHCCCCCCCCCCCCCCCCCCHHHHHHHHHHHHHHCC,103,,,,,
,,LSADQISTVQASFDKVKGDPVGILYAVFKADPSIMAKFTQFAGKDLESIKGTAPFETHANRIVGFFSKIIGELPNIEADVNTFVASHKPRGVTHDQLNNFRAGFVSYMKAHTDFAGAEAAWGATLDTFFGMIFSKM,,CCHHHHHHHHHHHHCCCCCHHHHHHHHHHHCHHHHCCCCCCCCCCHHHHCCCHHHHHHHHHHHHHHHHHHHCCCCCHHHHHHHHHHHCCCCCCHHHHHHHHHHHHHHHHHHCCCCCCHHHHHHHHHHHHHHHHHHC,136,,,,,
,,VVGGTEAQRNSWPSQISLQYRSGSSWAHTCGGTLIRQNWVMTAAHCVDRELTFRVVVGEHNLNQNNGTEQYVGVQKIVVHPYWNTDDVAAGYDIALLRLAQSVTLNSYVQLGVLPRAGTILANNSPCYITGWGLTRTNGQLAQTLQQAYLPTVDYAICSSSSYWGSTVKNSMVCAGGDGVRSGCQGDSGGPLHCLVNGQYAVHGVTSFVSRLGCNVTRKPTVFTRVSAYISWINNVIASN,,CCCCEECCCCCCCCEEEEEEEECCEEEEEEEEEEEECCEEEECCCCCCCCCCEEEEECCCCCCCCCCCCEEEEEEEEEECCCCCCCCCCCCCCCEEEEECCCCCCCCCCCCCCCCCCCCCCCCCCCEEEEECCCCCCCCCCCCCCEEEECCEECHHHHCCCCCCCCCCCCCEEEECCCCCCCCCCCCCCCEEEEEECCEEEEEEEEEECCCCCCCCCCCCEEEEECCCCHHHHHHHHHCC,240,,,,,
,,FNKEQQNAFYEILHLPNLNEEQRNGFIQSLKDDPSQSANLLAEAPSVFLFPPKPKDTLMISRTPEVTCVVVDVSHEDPQVKFNWYVDGVQVHNAKTKPREQQYNSTYRVVSVLTVLHQNWLDGKEYKCKVSNKALPAPIEKTISKAKGQPREPQVYTLPPSREEMTKNQVSLTCLVKGFYPSDIAVEWESNGQPENNYKTTPPVLDSDGSFFLYSKLTVDKSRWQQGNVFSCSVMHEALHNHYTQKSLSLS,,CCCCHHHHHHHHHCCCCCCCHHHHHHHHHHHHCCCCCCCCCCCCCCEEEECCCHHHHHCCCCCCEEEEEEEECCCCCCCCCEEEEECCEECCCCCCCCEEEECCCCEEEEEEEECCHHHHHCCCCEEEEECCCCCCCCEEEEECCCCCCCCCCEEEEECCCCCCCCCCEEEEEEEEEEECCCCCEEEEEECCEECCCEEECCCEECCCCCEEEEEEEEEEHHHHHCCCCEEEEEECCCCCCCCEEEEECCC,251,,,,,
,,VLSPADKTNVKAAWGKVGAHAGEYGAEALERMFLSFPTTKTYFPHFDLSHGSAQVKGHGKKVADALTNAVAHVDDMPNALSALSDLHAHKLRVDPVNFKLLSHCLLVTLAAHLPAEFTPAVHASLDKFLASVSTVLTSKYRGHFTEEDKATITSLWGKVNVEDAGGETLGRLLVVYPWTQRFFDSFGNLSSASAIMGNPKVKAHGKKVLTSLGDAIKHLDDLKGTFAQLSELHCDKLHVDPENFKLLGNVLVTVLAIHFGKEFTPEVQASWQKMVTGVASALSSRYH,,CCCHHHHHHHHHHHHCCCCCHHHHHHHHHHHHHHHCCCCCCCCCCCCCCCCCHHHHHHHHHHHHHHHHHHHCCCCHHHHCHHHHHHHHHCCCCCCHHHHHHHHHHHHHHHCCCCCCCCHHHHHHHHHHHHHHHHHHHCCCCCCCCHHHHHHHHHHCCCCCHHHHHHHHHHHHHHHCCCCCCCCCCCCCCCCHHHHHCCHHHHHHHHHHHHHHHHHHCCCCCHHHHHHHHHHHHHHCCCCCCHHHHHHHHHHHHHHHHHHCCCCCHHHHHHHHHHHHHHHHHHHCCCC,287,,,,,
,,AYVINDSCIACGACKPECPVNIIQGSIYAIDADSCIDCGSCASVCPVGAPNPED,,CCEECCCCCCCCCCCCCCCCCCCCCCCCCCCCCCCCCCCHHHHHCCCCCEECCC,54,,,,,
,,PKALIVYGSTTGNTEYTAETIARQLANAGYEVDSRDAASVEAGGLFEGFDLVLLGCSTWGDDSIELQDDFIPLFDSLEETGAQGRKVACFGCGDSSYEYFCGAVDAIEEKLKNLGAEIVQDGLRIDGDPRAARDDIVGWAHDVRGAI,,CEEEEECCCCCCHHHHHHHHHHHHHHCCCCEEEEECCCCCCCCCCCCCCCEEEECCCEECCCCCEECCCCHHHHCCCCCCCCCCCEEEEEEEECCCCCCCCHHHHHHHHHHHCCCCEECCCCEEEECCCCCCHHHHHHHHHHHHHHC,147,,,,,
,,HSQGTFTSDYSKYLDSRRAQDFVQWLMNT,,CCCCCCHHHHCCCHHHHHHHHHHCCCCCC,29,,,,,
,,GKITFYEDRGFQGHCYECSSDCPNLQPYFSRCNSIRVDSGCWMLYERPNYQGHQYFLRRGDYPDYQQWMGFNDSIRSCRLIPQHTGTFRMRIYERDDFRGQMSEITDDCPSLQDRFHLSEVHSLNVLEGSWVLYEMPSYRGRQYLLRPGEYRRYLDWGAMNAKVGSLRRVMDFY,,CEEEEEEECCCEEEEEEECCCCCCCCCCCCCCCEEEEEECEEEEEEECCCEEEEEEECCEEECCCCCCCCCCCCCCEEEEECCCCCCCEEEEECCCCCCCCEEEECCCCCCHHHHHCCCCCCEEEEEECCEEEEEECCCEEEEEEECCEEECCCCCCCCCCCCCCEEEECCCCC,174,,,,,
,,GPETLCGAELVDALQFVCGDRGFYFNKPTGYGSSSRRAPQTGIVDECCFRSCDLRRLEMYCAPLKPAKSA,,CCCCCCCHHHHHHHHHHHCCCCCCCCCCCCCCCCCCCCCCCCHHHHHCCCCCCHHHHCCCCCCCCCCCCC,70,,,,,
,,AYRPSETLCGGELVDTLQFVCGDRGFYFSRPASRVSRRSRGIVEECCFRSCDLALLETYCATPAKSE,,CCCCEECCCCHHHHHHHHHHHCCCCCCCCCCCCCCCCCCCCHHHHHCCCCEEHHHHCCCCCCCCCCC,67,,,,,
,,RTVYAFSARPLAGGEPFNLSSLRGKVLLIENVASLGTTVRDYTQMNDLQRRLGPRGLVVLGFPCNQFGHQENAKNEEILNCLKYVRPGGGFEPNFMLFEKCEVNGEKAHPLFAFLREVLPTPSDDATALMTDPKFITWSPVCRNDVSWNFEKFLVGPDGVPVRRYSRRFLTIDIEPDIETLLSQ,,CCCCCCEECCCCCCCCEECCCCCCCEEEEEEECCCCCHHHHHHHHHHHHHHHCCCCEEEEEEECCCCCCCCCCCCCCHHHHHHHCCCCCCCCCCCEECCCCCCCCCCCCHHHHHHHHHCCCCCCCCCCCCCCCCCCCCCCCCCCCCCCCCCEEEECCCCCEEEEECCCCCCCCCHHHHHHHHCC,184,,,,,
,,VLSAANKSNVKAAWGKVGGNAPAYGAQALQRMFLSFPTTKTYFPHFDLSHGSAQQKAHGQKVANALTKAQGHLNDLPGTLSNLSNLHAHKLRVNPVNFKLLSHSLLVTLASHLPTNFTPAVHANLNKFLANDSTVLTSKYRMLTAEEKAAVTGFWGKVDVDVVGAQALGRLLVVYPWTQRFFQHFGNLSSAGAVMNNPKVKAHGKRVLDAFTQGLKHLDDLKGAFAQLSGLHCNKLHVNPQNFRLLGNVLALVVARNFGGQFTPNVQALFQKVVAGVANALAHKYH,,CCCHHHHHHHHHHHCCCCCCCHHHHHHHCCCCCCCCCCCCCCCCCCCCCCCCCHHHHHHHHHHHHHHHHCCCCCCHHHHCCCCHHHHHCCCCCCCCCHHHHHHHHHHHHHHHCCCCCCHHHHHHHHHHHHHHHHHCCCCCCCCCCCHHHHHHHHCCCCCCCCHHHHHHHHHCCCCCCCCCCCCCCCCCCCHHHHHHCCHHHHHHHHCCCCCCCCCCCCCCCCCCCCCHHHHHHHCCCCCHHHHHHHHHHHHHHHHHHHCCCCCHHHHHHHHHHHHHHHHHHHHCCC,286,,,,,
,,SAPANAVAADNATAIALKYNQDATKSERVAAARPGLPPEEQHCADCQFMQADAAGATDEWKGCQLFPGKLINVNGWCASWTLKAG,,CCCCCCCCCCCHHHHHHCCCCCCCCCCHHHHCCCCCCCCCCCCCCCCCEECCCCCCCCCEEEECCCCCCEEECCCCCCCCCCCCC,85,,,,,
,,ESVLTQPPSASGTPGQRVTISCTGTSSNIGSITVNWYQQLPGMAPKLLIYRDAMRPSGVPTRFSGSKSGTSASLAISGLEAEDESDYYCASWNSSDNSYVFGTGTKVTVLGQPKANPTVTLFPPSSEELQANKATLVCLISDFYPGAVTVAWKADGSPVKAGVETTKPSKQSNNKYAASSYLSLTPEQWKSHRSYSCQVTHEGSTVEKTVAPTECSEVQLVQSGGGVVQPGRSLRLSCSSSGFIFSSYAMYWVRQAPGKGLEWVAIIWDDGSDQHYADSVKGRFTISRNDSKNTLFLQMDSLRPEDTGVYFCARDGGHGFCSSASCFGPDYWGQGTPVTVSSASTKGPSVFPLAPSSKSTSGGTAALGCLVKDYFPQPVTVSWNSGALTSGVHTFPAVLQSSGLYSLSSVVTVPSSSLGTQTYICNVNHKPSNTKVDKRVEPKSCDKTHTCPPCP,,CCCCCCCCEECCCCCCEEEEEEECCCCCCCCCCCEEEEECCCCCCCEEECCCCCCCCCCCCCEEEEECCCEEEEEEECCCCCCCCEEEEEEEECCCCEEEECCCEEECCCCCCCCCCCCEEECCCHHHHHCCCEEEEEEEEEECCCCCEEEEEECCEEECCCEEECCCCCCCCCCEEEEEEEEECHHHHHHCCCEEEEEEECCEEECCEECCCCCCCCEEEEECCCEECCCCCEEEEEEEECCCCCCCCEEEEEECCCCCCEEEEEECCCCCCEEECCCCCCCEEEEEECCCCEEEEEECCCCCCCCEEEEEEECCCCCCCCCCCCCCCCCCCCCEEEEECCCCCCCCEEEEECCCCCCCCCCCEEEEEEEEEECCCCCEEEECCCCCCCCCCCCCCEECCCCCEEEEEEEEECCCCCCCCCCEEEEEECCCCEEEEEECCCCCCCHHHHCCCCC,455,,,,,
,,GIVEQCCTSICSLYQLENYCNFVNQHLCGSHLVEALYLVCGERGFFYTPKA,,CHHHHHHHCCCCHHHHCCCCCCCCCCCCCHHHHHHHHHHHCCCCEEECCCC,51,,,,,
,,ATLKEQLIAHVAQQSETISHQKITVLGVRQVGMACGSSILMKSLADQLALLDAMEDKMKGEMMDLQHGSLFLWTPKIVGAKEYSLTEGTKLAVVTAGVRQQEGESRLNLLQRNANVFIFILPRIVKYSPNCLILVVSNPGDVLTYVAWKISGFPVGRVIGSGCNLDSARLRNVMAIKIVLGSLSCHGWLVGRHGDSGVPVWLGMNNAGVLQNLNQGMGWENDSEGWKEVHRMVVESAYEVIKLKGYENWIGLSVAESAETVMKNLYRVHPVSTLVKELHEIKEEVFLSLPCLLNQSGLREILKMLLKPEEVGQSKRSADILWGIQKELQ,,CHHHHHHCCCCCCCCCCCCCCCEEEECCCHHHHHHHHHHHHHCCCCCEEEECCCHHHHHHHHHHHHHHCCCCCCCCEECCCCCCCCCCCCEEEECCCCCCCCCCCCCCCCCCCCCCCCCCCHHHHHHCCCCEEEECCCCHHHHHHHHHHHHCCCCCCEECCCCHHHHHHHHHHHHHHHCCCCCCCCCCEECCCCCCCEECCCCCEECCEECHHHHCCCCCCCCCCHHHHHHHHHHHCCCCCCCCCCCCCCHHHHHHHHHHHHHCCCCCCCCEEEECCCCCCCCCEEEECCEEEECCEEEEECCCCCCHHHHHHHHHHHHHHHHHHHHCC,329,,,,,
,,KVFERCELARTLKRLGMDGYRGISLANWMCLAKWESGYNTRATNYNAGDRSTDYGIFQINSRYWCNDGKTPGAVNACHLSCSALLQDNIADAVACAKRVVRDPQGIRAWVAWRNRCQNRDVRQYVQGCGV,,CCCCHHHHHHHHHHCCCCCCCCCCHHHHHHHHHHHHCCCCCCEEEECCCCEEEECCCCEECCCCCCCCCCCCCCCCCCCCCCCCCCCCCHHHHHHHHHHHCCCCCCCCCHHHHHHCCCCCCCCCCCCCCC,130,,,,,
,,MNIFEMLRIDEGLRLKIYKDTEGYYTIGIGHLLTKSPSLNAAKSELDKAIGRNCNGVITKDEAEKLFNQDVDAAVRGILRNAKLKPVYDSLDAVRRCALINMVFQMGETGVAGFTNSLRMLQQKRWDEAAVNLAKSRWYNQTPNRAKRVITTFRTGTWDAYKNL,,CCCHHHHCCCCCCEEEEEECCCCCEEEECCEEEECCCCCCHHHHHHHHHCCCCCCCCCCHHHHHHHHHHHHHHHHHHHHCCCCCHHHHHHCCHHHHHHHHHHHHHHCHHHHCCCHHHHHHHHCCCCCCCCCCCCCCHHHHHCHHHHHHHHHHHHHCCCCCCCCC,164,,,,,
,,KVFGRCELAAAMKRHGLDNYRGYSLGNWVCAAKFESNFNTQATNRNTDGSTDYGILQINSRWWCNDGRTPGSRNLCNIPCSALLSSDITASVNCAKKIVSDGNGMNAWVAWRNRCKGTDVQAWIRGCRL,,CCCCHHHHHHHHHHCCCCCCCCCCHHHHHHHHHHHHCCCCCCEEECCCCCEEECCCCEECCCCCCCCCCCCCCCCCCCCCCCCCCCCCHHHHHHHHHHHHHHCCCCCCHHHHHHCCCCCCCCCCCCCCC,129,,,,,
,,VLSEGEWQLVLHVWAKVEADVAGHGQDILIRLFKSHPETLEKFDRFKHLKTEAEMKASEDLKKHGVTVLTALGAILKKKGHHEAELKPLAQSHATKHKIPIKYLEFISEAIIHVLHSRHPGDFGADAQGAMNKALELFRKDIAAKYKELGYQG,,CCCHHHHHHHHHHHHHHCCCHHHHHHHHHHHHHHHCHHHHCCCCCCCCCCCHHHHHHCHHHHHHHHHHHHHHHHHHCCCCCCHHHHHHHHHHHHHCCCCCHHHHHHHHHHHHHHHHHHCCCCCCHHHHHHHHHHHHHHHHHHHHHHHHHCCCC,153,,,,,
,,GLSDGEWHLVLNVWGKVETDLAGHGQEVLIRLFKSHPETLEKFDKFKHLKSEDDMRRSEDLRKHGNTVLTALGGILKKKGHHEAELKPLAQSHATKHKIPIKYLEFISEAIIHVLHSKHPAEFGADAQAAMKKALELFRNDIAAKYKELGFHG,,CCHHHHHHHHHHHHHHHHCCHHHHHHHHHHHHHHHCCHHHHHCCCCCCCCCHHHHHCCHHHHHHHHHHHHHHHHHHHCCCCCCCCHHHHHHHHHHCCCCCCCHHHHHHHHHHHHHHHHCCCCCCHHHHHHHHHHHHHHHHHHHHHHHHHCCCC,153,,,,,
,,GIGAVLKVLTTGLPALISWIKRKRQQ,,CHHHHHHHHHCCHHHHHHHHHHHHHC,26,,,,,
,,ALWQFRSMIKCAIPGSHPLMDFNNYGCYCGLGGSGTPVDELDRCCETHDNCYRDAKNLDSCKFLVDNPYTESYSYSCSNTEITCNSKNNACEAFICNCDRNAAICFSKAPYNKEHKNLDTKKYC,,CHHHHHHHHHHHCCCCCCCCCCCCCCCCCCCCCCCCCCCHHHHHHHHHHHHHHHHCCCCCCCCCCCCCCCCCCCEEECCCCEEECCCCCHHHHHHHHHHHHHHHHHHCCCCCCCCCCCCCCCCC,124,,,,,
,,RTISKAKGPPRIPEVYLLPPPRNELSKKKVSLTCMITGFYPADINVEWDSSEPSDYKNTPPVFDTDGSFFLYSRLKVDTDAWNNGESFTCSVMHEALPNHVIQKSISRSPG,,CCCCCCCCCCCCCCCCCCCCCCCCCCCCCCCEEEEEECCCCCCCEEECCCCCCCCEEEEEEECCCCCCCEEEEEECCCCCCCHHHHCCEEEEEECCCCEEEEEECCCCCCC,111,,,,,
,,GPSQPTYPGDDAPVEDLIRFYDNLQQYLNVVTRHRY,,CCCCCCCCCCCCCHHHHHHHHHHHHHHHHHHCCCCC,36,,,,,
,,DIQMTQSPSSLSASVGDRVTITCQASQDIIKYLNWYQQTPGKAPKLLIYEASNLQAGVPSRFSGSGSGTDYTFTISSLQPEDIATYYCQQYQSLPYTFGQGTKLQIT,,CCCEEEECCEEEECCCCCEEEEEEECCCCCCCEEEEEECCCCCCEEEEECCCEECCCCCCCEEEEEECCEEEEEECCCCCCCCCEEEEEECCCCCCCCCCCEEEEEC,107,,,,,
,,VHQVLYRALVSTKWLAESVRAGKVGPGLRVLDASWYSPGTREARKEYLERHVPGASFFDIEECRDKASPYEVMLPSEAGFADYVGSLGISNDTHVVVYNGDDLGSFYAPRVWWMFRVFGHRTVSVLNGGFRNWLKEGHPVTSEPSRPEPAIFKATLNRSLLKTYEQVLENLESKRFQLVDSRAQGRYLGTQPEPDAVGLDSGHIRGSVNMPFMDFLTENGFEKSPEELRAMFEAKKVDLTKPLIATCRKGVTACHIALAAYLCGKPDVAIYDGSWFEWFHRAPPETWVSQGKG,,CCCCCCCCEECHHHHHHHHHHCCCCCCEEEEECCCCCCCCCCHHHHHCCCCCCCCEECCCCCCCCCCCCCCCCCCCHHHHHHHHCCCCCCCCCEEEECCCCCCCCCCHHHHHHHHHHCCCCCEEEECCHHHHHHHHCCCCCCCCCCCCCCCCCCCCCCCCEECCCHHHHHHHHCCCEEEECCCHHHHHCCCCCCCCCCCCCCCCCCCEECCCCCCCCCCCCCCCHHHHHHHHHHCCCCCCCCEEEECCCCCCCHHHHHHHHHHCCCCCEEECCCHHHHHHHCCCCCCCCCCCC,293,,,,,
,,KETAAAKFERQHMDSSTSAASSSNYCNQMMKSRNLTKDRCKPVNTFVHESLADVQAVCSQKNVACKNGQTNCYQSYSTMSITDCRETGSSKYPNCAYKTTQANKHIIVACEGNPYVPVHFDASV,,CCCHHHHHHHHHCCCCCCCCCCCCHHHHHHHHCCCCCCCCCCEEEEECCCHHHHHCCCCCEEECCCCCCCCEEECCCCEEEEEEEECCCCCCCCCCEEEEEEEECEEEEEEECCEEEEEEEEEC,124,,,,,
,,KEGYLVKKSDGCKYGCLKLGENEGCDTECKAKNQGGSYGYCYAFACWCEGLPESTPTYPLPNKSC,,CCEECCCCCCCCCCCCCCCCCCHHHHHHHHCCCCCCCEEEEECCEEEEECCCCCCCCCCCCCCCC,65,,,,,
,,DKIVGGYTCGANTVPYQVSLNSGYHFCGGSLINSQWVVSAAHCYKSGIQVRLGEDNINVVEGNEQFISASKSIVHPSYNSNTLNNDIMLIKLKSAASLNSRVASISLPTSCASAGTQCLISGWGNTKSSGTSYPDVLKCLKAPILSDSSCKSAYPGQITSNMFCAGYLEGGKDSCQGDSGGPVVCSGKLQGIVSWGSGCAQKNKPGVYTKVCNYVSWIKQTIASNTSPQREATCTSEVSGCPKIYNPVCGTDGITYSNECVLCSENKKRQTPVLIQKSGPC,,CCCCCCEECCCCCCCCEEEEECCCEEEEEEEEECCEEEECCCCCCCCCEEEECCCCCCCCCCCCEEEEEEEEEECCCCCCCCCCCCCEEEEECCCCCCCCCCCCCCCCCCCCCCCCEEEEEEEEEEECCCEEEEEEEEEEEEECCCHHHHHHHCCCCCCCCEEEECCCCCCCCCCCCCCCCEEEECCEEEEEEEEECCCCCCCCCEEEEECCCCHHHHHHHHHCCCCCCCCCCCCCCCCCEECCCCCEEECCCCEECCHHHHHHHHHCCCCCCCEEEECCC,281,,,,,
,,APRKFFVGGNWKMNGKRKSLGELIHTLDGAKLSADTEVVCGAPSIYLDFARQKLDAKIGVAAQNCYKVPKGAFTGEISPAMIKDIGAAWVILGHSERRHVFGESDELIGQKVAHALAEGLGVIACIGEKLDEREAGITEKVVFQETKAIADNVKDWSKVVLAYEPVWAIGTGKTATPQQAQEVHEKLRGWLKTHVSDAVAVQSRIIYGGSVTGGNCKELASQHDVDGFLVGGASLKPEFVDIINAKH,,CCCCCEEEEECCCCCCHHHHHHHHHHHHHCCCCCCCEEEEECCCCHHHHHHHHCCCCEEEEEECCCCCCCCCCCCCCCHHHHHHHCCCEEEECCHHHHHHHCCCHHHHHHHHHHHHHCCCCEEEEEEECHHHHHHCCHHHHHHHHHHHHHHHCCCCCCEEEEEEECCCCCCCCCCCHHHHHHHHHHHHHHHHHHHCHHHHHHCEEEECCCCCCCHHHHHHCCCCCCEEEECCCCCCCHHHHHHCCCC,247,,,,,
,,MEEKLKKSKIIFVVGGPGSGKGTQCEKIVQKYGYTHLSTGDLLRAEVSSGSARGKMLSEIMEKGQLVPLETVLDMLRDAMVAKVDTSKGFLIDGYPREVKQGEEFERKIGQPTLLLYVDAGPETMTKRLLKRGETSGRVDDNEETIKKRLETYYKATEPVIAFYEKRGIVRKVNAEGSVDDVFSQVCTHLDTLK,,CHHHHHHCCEEEEECCCCCCCCHHHHHHHHHCCCEEEEHHHHHHHHHHCCCHHHHHHHHHHHCCCCCCHHHHHHHHHHHHHHHCCCCCCEEEECCCCCCCHHHHHHHHCCCCCEEEEECCCHHHHHHHHHHHCCCCCCCCCCHHHHHHHHHHHHHHHCCHHHHHHHHCCEEEECCCCCHHHHHHHHHHHHHHHC,194,,,,,
,,AGTTTTTTIDSLDDAYIVVIQLGTPAATLNLNFDTGSADLWVFAGGSSNNSGHNVYNSAASSASATLSTGKWSIAYAAGASASGLNRDGTVTVGGVTAHGQAVQAAAAAFAAQATNDGLLGLAFSSINTVQGSQNLFFVQGKSLAQTPLFSVYLAHQQGVYDFGLIDSSAYTGSLNYTGVASQGFWSFNVDSYTAGSGSTIGDVSSGIADTGTTVLYLPTSVVSAYYSQVSGATDSAAGGLDITCDGLTAMPAGVGSTKASVPLSTAYGGQGNGSSGCLGGIQSAAGIGLLIFGDIFIKASYVVFDSNNPNLGFAPAA,,CCEECEEECCCCCCCEEEEEEECCCCEEEEEEEECCCCCCCCCCCCCCCCCCCCCCCCCCCCCCEEEEEEEEEEEECCCEEEEEEEEEEEEEECCEEEEEEEEEEEECCCCCCCCCCEEEECCCCCCCCCCCCCCCHHHHHHHHCCCCCEEEECCCCCCEEECCCCCCCCCCCCCEEEECCCCCCCEEECCCCCCCCCCCCCCCCEEECCCCCCCEEECHHHHHHHCCCCCCEECCCCCCCEEECCCCCCCCCCCCCCCCCCCCCCCCCCCCCCCCEEECCEEECCCCCCEECCHHHHCCCCEEECCCCCEEEECCCC,318,,,,,
,,AASGVATNTPTANDEEYITPVTIGGTTLNLNFDTGSADLWVFSTELPASQQSGHSVYNPSATGKELSGYTWSISYGDGSSASGNVFTDSVTVGGVTAHGQAVQAAQQISAQFQQDTNNDGLLGLAFSSINTVQPQSQTTFFDTVKSSLAQPLFAVALKHQQPGVYDFGFIDSSKYTGSLTYTGVDNSQGFWSFNVDSYTAGSQSGDGFSGIADTGTTLLLLDDSVVSQYYSQVSGAQQDSNAGGYVFDCSTNLPDFSVSISGYTATVPGSLINYGPSGDGSTCLGGIQSNSGIGFSIFGDIFLKSQYVVFDSDGPQLGFAPQA,,CCCEEEEEEECCCCCCEEEEEEECCEEEEEEEECCCCCEEECCCCCCHHHHCCCCCCCHHHHCEEEEEEEEEEECCCCCEEEEEEEEEEEEECCEEEEEEEEEEEEEECHHHHHCCCCCEEEECCCCCCCCCCCCCCCCHHHHHCCCCCCCEEEEECCCCCCEEEEECCCCCCCCCCCCEEEECCCCCCCCEEEEEEEEECCEEEEEEEEEECCCCCCEEECHHHHHHHHCCCCCCEEECCCCEEEEECCCCCCCEEEEECCEEEEECCCCCEEEECCCCCEEEECEEECCCCCCEEECHHHHCCEEEEEECCCCEEEEEECC,323,,,,,
,,AVKYYTLEQIEKHNNSKSTWLILHYKVYDLTKFLEEHPGGEEVLREQAGGDATEDFEDVGHSTDARELSKTFIIGELHPDDRSKI,,CCCEECHHHHCCCEECCEEEEEECCEEEECCCCCCCCCCCCHHHHHCCCEECHHHHHHCCCCHHHHHHCCCCEEEEECCCCCCCC,85,,,,,
,,WGYDDKNGPEQWSKLYPIANGNNQSPVDIKTSETKHDTSLKPISVSYNPATAKEIINVGHSFHVNFEDNQDRSVLKGGPFSDSYRLFQFHFHWGSTNEHGSEHTVDGVKYSAELHVAHWNSAKYSSLAEAASKADGLAVIGVLMKVGEANPKLQKVLDALQAIKTKGKRAPFTNFDPSTLLPSSLDFWTYPGSLTHPPLYESVTWIICKESISVSSEQLAQFRSLLSNVEGDNAVPMQHNNRPTQPLKGRTVRASF,,CCCCCCCCCCCCCCCCCCCCCCCCCCCEECCCCCEECCCCEEEEEECCCCCEEEEEECCCCEEEEECCCCCCCEEEEECCCCCEEEEEEEEEECCCCCCCCCCEECCCCCCEEEEEEEEECCCCCCHHHHCCCCCCEEEEEEEEEECCCCCCCHHHHHHCCCCCCCCCEEECCCCCCCCCCCCCCCEEEEEECCCCCCCCCCEEEEEECCCEEECHHHHHHHCCCCCCCCCCCCCCCCCCCCCCCCCCCCCCEECC,256,,,,,
,,QSKPEDLLKLRQGLMQTLKSQWVPIAGFAAGKADLPADAAQRAENMAMVAKLAPIGWAKGTEALPNGETKPEAFGSKSAEFLEGWKALATESTKLAAAAKAGPDALKAQAAATGKVCKACHQEFKQD,,CCCHHHHHHHHHHHHHHHHHHHHHHHHHHCCCCCCCCCHHHHHHHHHHHHHHCCCCCCCCCCCCCCCCCCHHHHCCCHHHHHHHHHHHHHHHHHHHHHHHHCHHHHHHHHHHHHHHHHHHHHHHCCC,127,,,,,
,,TPLVHVASVEKGRSYEDFQKVYNAIALKLREDDEYDNYIGYGPVLVRLAWHTSGTWDKHDNTGGSYGGTYRFKKEFNDPSNAGLQNGFKFLEPIHKEFPWISSGDLFSLGGVTAVQEMQGPKIPWRCGRVDTPEDTTPDNGRLPDADKDADYVRTFFQRLNMNDREVVALMGAHALGKTHLKNSGYEGPWGAANNVFTNEFYLNLLNEDWKLEKNDANNEQWDSKSGYMMLPTDYSLIQDPKYLSIVKEYANDQDKFFKDFSKAFEKLLEDGITFPKDAPSPFIFKTLEEQGL,,CCCCCCCCCCCCCCHHHHHHHHHHHHHHHHHCCCHHHHCCCHHHHHHHHHHHHCCCCCCCCCCCCCCCCCCCHHHHCCCCCCCCHHHHHHHHHHHHHCCCCCHHHHHHHHHHHHHHHCCCCCCCCCCCCCCCCCCCCCCCCCCCCCCCCHHHHHHHHHCCCCCHHHHHHHHCCCCCCEECHHHHCCCEECCCCCCCCCCHHHHHHHHCCEEEEECCCCCEEEEECCCCEECHHHHHHHHCHHHHHHHHHHHCCHHHHHHHHHHHHHHHHHCCCCCCCCCCCCCCCCCHHHHCC,293,,,,,
,,VLSAADKTNVKAAWSKVGGHAGEYGAEALERMFLGFPTTKTYFPHFDLSHGSAQVKAHGKKVADGLTLAVGHLDDLPGALSDLSNLHAHKLRVDPVNFKLLSHCLLSTLAVHLPNDFTPAVHASLDKFLSSVSTVLTSKYRVQLSGEEKAAVLALWDKVNEEEVGGEALGRLLVVYPWTQRFFDSFGDLSNPGAVMGNPKVKAHGKKVLHSFGEGVHHLDNLKGTFAALSELHCDKLHVDPENFRLLGNVLALVVARHFGKDFTPELQASYQKVVAGVANALAHKYH,,CCCHHHHHHHHHHHCCCCCCHHHHHHHHHHHHHHHCCCCCCCCCCCCCCCCCHHHHHHHHHHHHHHHHHHHCCCCHHHHCCCCCCHHHHCCCCCCCCHHHHHHHHHHHHCCCCCCCCCCCCHHHHHHHHHHHHHHHCCCCCCCCCCCHHHHHHHCCCCCCCCHHHHHHHHHHHHHCCCCCCCCCCCCCCCCCHHHHHCHHHHHHHHHHHHHHHHHHCCCCCCHHHHHHHHHHHHHCCCCCCHHHHHHHHHHHHHHHHHHCCCCCHHHHHHHHHHHHHHHHHHCCCCC,287,,,,,
,,AFVVTDNCIKCKYTDCVEVCPVDCFYEGPNFLVIHPDECIDCALCEPECPAQAIFSEDEVPEDMQEFIQLNAELAEVWPNITEKKDPLPDAEDWDGVKGKLQHLER,,CCCCCCCCCCCCCCCCCCCCCCCCCCCCCCCCCCCCCCCCCCCCCCCCCCCCCCCCCCCCCCCCCCCCCCCCCCCCCCCCCCCCCCCCCCCCCCCCCCCCCCCCCC,106,,,,,
,,CGVPAIQPVLSIVNGEEAVPGSWPWQVSLQDKTGFHFCGGSLINENWVVTAAHCGVTTSDVVVAGEFDQGSSSEKIQKLKIAKVFKNSKYNSLTINNDITLLKLSTAASFSQTVSAVCLPSASDDFAAGTTCVTTGWGLTRYTPDRLQQASLPLLSNTNCKKYWGTKIKDAMICAGASGVSSCMGDSGGPLVCKKNGAWTLVGIVSWGSSTCSTSTPGVYARVTALVNWVQQTLAAN,,CCCCCCCCCCCCCCCEECCCCCCCCEEEEECCCCCEEEEEEEEECCEEEECCCCCCCCCCEEEECCCCCCCCCCCCEEEEEEEEEECCCCCCCCCCCCCEEEEECCCCCCCCCCCCCCCCCCCCCCCCCCEEEEEECCCCCCCCCCCEEEEEECCCHHHHCCCCCCCCCCCEEEEECCCCCCCCCCCCCEEEEEECCEEEEEEEEEECCCCCCCCCEEEEEECCCCHHHHHHHHHHC,237,,,,,
,,MIKVEIKPSQAQFTTRSGVSRQGKPYSLNEQLCYVDLGNEYPVLVKITLDEGQPAYAPGLYTVHLSSFKVGQFGSLMIDRLRLVPAK,,CCCCCCCCCCCCCCCCCCCCCCCCCCCCCCCCCCCEECCCCCEECCCCCCCCCCCCCCCCCCCCCCCCCCCCCCCCCCCCCCCCCCC,87,,,,,
,,KSPEELKGIFEKYAAKEGDPNQLSKEELKLLLQTEFPSLLKGPSTLDELFEELDKNGDGEVSFEEFQVLVKKISQ,,CCHHHHHHHHHHHHCCCCCCCCCCHHHHHHHHHHHCHHHHCCCCCHHHHHHHHCCCCCCCCCHHHHHHHHHHHHC,75,,,,,
,,IIGGRECEKNSHPWQVAIYHYSSFQCGGVLVNPKWVLTAAHCKNDNYEVWLGRHNLFENENTAQFFGVTADFPHPGFNLSADGKDYSHDLMLLRLQSPAKITDAVKVLELPTQEPELGSTCEASGWGSIEPGPDDFEFPDEIQCVQLTLLQNTFCADAHPDKVTESMLCAGYLPGGKDTCMGDSGGPLICNGMWQGITSWGHTPCGSANKPSIYTKLIFYLDWIDDTITENPPDFCLEPPYTGPCKARIIRYFYNAKAGLCQTFVYGGCRAKRNNFKSAEDCMRTCGGA,,CCCCEECCCCCCCCEEEEEECCEEEEEEEEEECCEEEECCCCCCCCCEEEECCCCCCCCCCCCEEECEEEEEECCCCCCCCCCCCCCCCCEEEEECCCCCCCCCCCCCCCCCCCCCCCCEEEEEECCCCCCCCCCCCCCCCCEEEEEEEECCCCCCCCCCCCCCCCEEEEECCCCCCCCCCCCCCCEEEECCEEEEEEEECCCCCCCCCCCEEEEECCCCHHHHHHHHHHCCCCCCCCCCCCCCCCCCEEEEECCCCCCCCEEEEECCCCCCCCCCCCHHHHHHHCCCC,289,,,,,
,,GALTESQAALVKSSWEEFNANIPKHTHRFFILVLEIAPAAKDLFSFLKGTSEVPQNNPELQAHAGKVFKLVYEAAIQLEVTGVVVTDATLKNLGSVHVSKGVADAHFPVVKEAILKTIKEVVGAKWSEELNSAWTIAYDELAIVIKKEMDDAA,,CCCCHHHHHHHHHHHHHHHCCHHHHHHHHHHHHHHHCCCCCCCCCCCCCCCCCCCCCHHHHHHHHHHHHHHHHHHHHHHHHCCCCCCHHHHHHHHHHHHCCCCCCCHHHHHHHHHHHHHHHHCCCCCHHHHHHHHHHHHHHHHHHHHHHHHHC,153,,,,,
,,DIVMTQSPSSLSVSAGERVTMSCKSSQSLLNSGNQKNFLAWYQQKPGQPPKLLIYGASTRESGVPDRFTGSGSGTDFTLTISSVQAEDLAVYYCQNDHSYPLTFGAGTKLEIKRADAAPTVSIFPPSSEQLTSGGASVVCFLNNFYPKDINVKWKIDGSERQNGVLNSWTDQDSKDSTYSMSSTLTLTKDEYERHNSYTCEATHKTSTSPIVKSFNRNECEVKLVESGGGLVQPGGSLRLSCATSGFTFSDFYMEWVRQPPGKRLEWIAASRNKGNKYTTEYSASVKGRFIVSRDTSQSILYLQMNALRAEDTAIYYCARNYYGSTWYFDVWGAGTTVTVSSESARNPTIYPLTLPPALSSDPVIIGCLIHDYFPSGTMNVTWGKSGKDITTVNFPPALASGGRYTMSNQLTLPAVECPEGESVKCSVQHDSNPVQELDVNC,,CCCEEEECCEEEECCCCCEEEEEEECCCCCCCCCCCCCEEEEEECCCCCCEEEEECCCEECCCCCCCEEEEEECCEEEEEECCCCCCCCEEEEEEECCCCCCEECCCCEEEECCCCCCCEEEEECCCHHHHCCCEEEEEEEEEEECCCCCEEEEECCCCCCCCCEEEEECCCCCCCCCEEEEEEEEEEHHHHCCCCEEEEEEECCCCCCCEEEEEECCCCCCEEEEECCCEECCCCEEEEEEEEECCCCCCCEEEEEEECCCCCCEEEEECCCCCCCCCCCCCCCCCCCEEEEEECCCCEEEEEEECCCCCCCEEEEEEEEEECCCEEEEEECCCEEEEECCCCCCCCEEEEECCCCCCCCCCEEEEEEEEEECCCCCEEEEECCCCCCCEEEECCCEECCCCCEEEEEEEEECCCCCCCCCCEEEEEEECCCCCEEEEECC,442,,,,,
,,GSMQIRVLVTGAAQLAFTLLYSIGDGSVFGKNQPILLSLMDVVPKQQTSEAVNMQLQNCALPLLKSQFGKNSGNYASQNVGVLLAGQRAKNAAKNLKANVKIFKCQGAALNKYWKKSVIVIVVGNPATNNCLTASKNSAQLNKAKQVNSVKLNHNRAKSMLSQKLGNSPKLSKNVILYGQHGQSQFSGLIQLQLQNKQSAGVRASKNQSWKTSIYNNVIQQRGVVHVQARTANNSMKTGFALNLYVKHLWKGISQKLAQMGLIAHGKAAASPKQNFSCVTRLQNKTWKIVEGLPINDFSREKMNETAKELAEEETEFAEKNSNAGSPQIRVLVTGAAQLGFTLLYSIGDGSVFGKNQPILVNSMDQRPKAGANKGVQMELQNCAALPNLLKSQGTKSTGNGYKNNNIGVLVAGEAAAAAAATANAVKKFKKKGAAKAKKAKAKVAVIKKGKAAKKKKKKASAGKKAKAKARKVVVVRKDKKRAKALIAAKKGKAKKKVKKIVKWGKHGRAKGVKVVKGKAAAAAAKKKKAKKKIAWKAGAKKKAAAKKAKAAAAAAAAKAKKAAKAVCKHIKKIFKAAKAVHAAKAKKAKAAAKWKAKKAAFKKAAKIKAKAWKIVKGLKIKAFKKAKKKVKAAKKAAGKKKGKFLAAA,,CCCCCCEEEECCCCCHHHHHHHHHCCCCCCCCCCCEEEEECCCCCHHHHHHHHHHHHHHCCCCCEEEEECCCCCCCCCCEEEECCCCCCCCCCCCCCCCHHHHHHHHHHHHHCCCCCCEEEECCCCCCHHHHHHHHHCCCCCCCCEEECCCCCCCCHHHHHHHHHCCCCCCEECCCCCCCCCCCCCCCCCCCEEECCCEEECCCCCCCCCCCHHHHHHHCCCHHHHCCCCCCCCCHHHHHHHHHHHHHHHHCCCCCCEEEEEECCCCCCCCCCCEEEEEEEEECCEEEECCCCCCCCHHHHHHHHHHHHHHHHHHHHHCHHHHCCCCCEEEEEECCCHHHHCCHHHHHHCCCCCCCCCEEEEEECCCCCCCHHHHHHHHHHCCCCCCCEEEEEEECCCCCCCCCCCEEEECCCCCCCCCCCCCCCCHHHHHHHHHHHHCCCCCCEEEECCCCHHHHHHHHHHCCCCCCCCCCCCCCCHHHHHHHHHHHHHHCCCCCCEECCEEECCCCCCCEEECCCCEECCCCCEECCCCCCHHHHCCHHHHHHHHCCCCCCCCCCCCHHHHHHHHHHHHHHHHHCCCCCCEEEEEECCCCCCCCCCCCEEEEEEEEECCEEEECCCCCCCHHHHHHHHHHHHHHHHHHHHHHCCCCC,649,,,,,
,,MDPNCSCATDGSCSCAGSCKCKQCKCTSCKKSCCSCCPVGCAKCSQGCICKEASDKCSCCA,,CCCCCCCCCCCCCCCCCCCCCCCCCCCCCCCCCCCCCCCCCCCCCCCCCCCCCCCCCCCCC,61,,,,,
,,CPLMVKVLDAVRGSPAINVAVHVFRKAADDTWEPFASGKTSESGELHGLTTEEQFVEGIYKVEIDTKSYWKALGISPFHEHAEVVFTANDSGPRRYTIAALLSPYSYSTTAVVT,,CCEEEEEEECCCCEECCCCEEEEEEECCCCCEEEEEEEECCCCCEECCCCCCCCCCCEEEEEEECHHHHHHHHCCCCCEEEEEEEEEECCCCCCCEEEEEEEECCEEEEEEEEC,114,,,,,
,,ESVLTQPPSASGTPGQRVTISCTGSATDIGSNSVIWYQQVPGKAPKLLIYYNDLLPSGVSDRFSASKSGTSASLAISGLESEDEADYYCAAWNDSLDEPGFGGGTKLTVLGQPK,,CCCCCCCCEEEECCCCCEEEEEECCCCCCCCCCEEEEECCCCCCCEEEECCCCCCCCCCCCCEEEEEECCEEEEEECCCCCCCCEEEEEEEEECCCCEEEECCCEEEEECCCCC,114,,,,,
,,IAGGEAITTGGSRCSLGFNVSVNGVAHALTAGHCTNISASWSIGTRTGTSFPNNDYGIIRHSNPAAADGRVYLYNGSYQDITTAGNAFVGQAVQRSGSTTGLRSGSVTGLNATVNYGSSGIVYGMIQTNVCAQPGDSGGSLFAGSTALGLTSGGSGNCRTGGTTFYQPVTEALSAYGATVL,,CCCCCEEEECCEEEECCEEEEECCEEEEEECHHHHCCCCEECCEEEEEEECCCCCEEEEEECCCCCCCCEEECCCCCEEECCEECCCCCCCEEEEEECCCEEEEEEEEEEEEEEECCCCCEEEEEEEECCCCCCCCCCCEEEECCEEEEEEEEEEEECCCEEEEEEEEHHHHHHHHCEEEC,181,,,,,
,,ATSTKKLHKEPATLIKAIDGDTVKLMYKGQPMTFRLLLVDTPETKHPKKGVEKYGPEASAFTKKMVENAKKIEVEFNKGQRTDKYGRGLAYIYADGKMVNEALVRQGLAKVAYVYKPNNTHEQHLRKSEAQAKKEKLNIWS,,CCCCCCCCEEEECEEEECCCCEEEECCCCCCEEEEECCCCCCCCCCCCCCCCCCCCCCCCCHHHHHHCCCCEEEECCCCCCCCCCCCEEECCEECCEEHHHHHHHCCCCCCCCCCCCCCCCHHHHHHHHHHHHHCCCCCCC,141,,,,,
,,ATKAVCVLKGDGPVQGTIHFEAKGDTVVVTGSITGLTEGDHGFHVHQFGDNTQGCTSAGPHFNPLSKKHGGPKDEERHVGDLGNVTADKNGVAIVDIVDPLISLSGEYSIIGRTMVVHEKPDDLGRGGNEESTKTGNAGSRLACGVIGIAK,,CCCEEEEECCCCCCEEEEEEEEECCEEEEEEEEECCCCEEEEEEEECCCCCCCCCCCCCCCCCCCCCCCCCCCCCCCCCCEEEEEEECCCCCEEEEEEECCCCCCCCCCCCCCEEEEECCCCCCCCCCCCCCCCCCCCCCEEEEEECEECC,151,,,,,
,,YAPSALVLTVGKGVSATTAAPERAVTLTCAPGPSGTHPAAGSACADLAAVGGDLNALTRGEDVMCPMVYDPVLLTVDGVWQGKRVSYERVFSNECEMNAHGSSVFAF,,CCCCEEEEEECCCCCCCCCCCCEEEEEECCCCCEECCCCHHHHHHHHHHHCCCCCCCCCCCCCCCCCCCCCCCCEEEEEECCEEEEEECCCCCHHHHHHCCCCCCCC,107,,,,,
,,TMRAVKRMINTHLEHKRFALINSGNTNATAGTVQNLSNGIIQGDDINQRSGDQVRIVSHKLHVRGTAITVSQTFRFIWFRDNMNRGTTPTVLEVLNTANFMSQYNPITLQQKRFTILKDVTLNCSLTGESIKDRIINLPGQLVNYNGATAVAASNGPGAIFMLQIGDSLVGLWDSSYEAVYTDA,,CHHHHHHHHHCCCCEEEEEEEEEEEECCCCCEEEECCCCCCCCCCCCCCCCCEEEEEEEEEEEEEECCCCCEEEEEEEEEECCCCCCCCCHHHHCCCCCCCCCCCHHHHHCCCEEEEEEEEEEECCCCCCEEEEEEEEECCEEECCCCCCCCCCCCCCEEEEEEEECCCCCEEEEEEEEEEECC,184,,,,,
,,ATPADWRSQSIYFLLTDRFARTDGSTTATCNTADQKYCGGTWQGIIDKLDYIQGMGFTAIWITPVTAQLPQDCAYGDAYTGYWQTDIYSLNENYGTADDLKALSSALHERGMYLMVDVVANHMGYDGAGSSVDYSVFKPFSSQDYFHPFCFIQNYEDQTQVEDCWLGDNTVSLPDLDTTKDVVKNEWYDWVGSLVSNYSIDGLRIDTVKHVQKDFWPGYNKAAGVYCIGEVLDGDPAYTCPYQNVMDGVLNYPIYYPLLNAFKSTSGSMDDLYNMINTVKSDCPDSTLLGTFVENHDNPRFASYTNDIALAKNVAAFIILNDGLPIIYAGQEQHYAGGNDPANREATWLSGYPTDSELYKLIASANAIRNYAISKDTGFVTYKNPYIKDDTTIAMRKGTDGSQIVTILSNKGASGDSYTLSLSGASYTAGQQLTEVIGCTTVTVGSDGNVPVPMAGGLPRVLYPTEKLAGSKICSDSS,,CCCCCCCCCCEEEECCCCCCCCCCCCCCCCCCCCCCCCCCCCCCCCCCCHHHHHHCCCEEEECCCCCCCCCCCCCCCCCCCCCCCCCCCCCCCCCCCCHHHHHHHHHHHHCCEEEEEECCCCCCEECCCCCCCCCCCCCCCCCCCCCCCCCCCCCCCCCCCCCCCEEECCEEECCCCCCCCHHHHHHHHHHHHHHCCCCCCEEEECCCCCCCCCHHHHHHHHCCCCEEECCCCCCHHHHCCCCCCCCCEECHHHHHHHHHHCCCCCCCCHHHHHHHHHHHHHCCCCCCEEECCCCCCCCCCCCCCCCHHHHHHHHHHHHHCCCEEEEECCCCCCCCCCCCCCCCCCCCCCCCCCCCHHHHHHHHHHHHHHHHHHHCCCCCCCCCCCCEECCCEEEEEECCCCCEEEEEECCCCCCCCEEEECCCCCCCCCCEEECCCCCCEEECCCCCCCEEEECCCCCCCCEECCCCCCCCCCCCCC,478,,,,,
,,GVTVTSHREYLTQVNNSSGFVVNGGIVGNSLQLNPSNGTLFSWLPALASNFDQYSFNSVVLDYVPLCGTTEVGRVALYFDKDSQDPEPADRVELANFGVLKETAPWAEAMLRIPTDKVKRYCNDSATVDQKLIDLGQLGIATYGGAGADAVGELFLARSVTLYFPQPTNTLLKRLDLTGSLADATGPGYLVLTRTPTVLTHTFRATGTFNLSGGLRCLTSLTLGATGAVVINDILAIDNVGTASDYFLNCTVSSLPATVTFTVSGVAAGILLVGRARANVVNLLIITHVGGVGGSIMAPVAVSRQLVGSKPKFTGRTSGGVTVTSHREYLTQVNNSSGFVVNGGIVGNSLQLNPSNGTLFSWLPALASNFDQYSFNSVVLDYVPLCGTTEVGRVALYFDKDSQDPEPADRVELANFGVLKETAPWAEAMLRIPTDKVKRYCNDSATVDQKLIDLGQLGIATYGGAGADAVGELFLARSVTLYFPQPTNTLL,,CCCEECCEEEEEEEECCCCEEECCCCCCCCCCCCCCCCCCCCCCCCCCCCCCEEEEEEEEEEEEECCCCCCCCCCCEECCCCCCCCCCCCHHHHCCCCCCCCCCCCCCEEEECCCCCCCEECCCCCCCCCCCCCCCCCEEEEECCCCCCEEEEEEEEEEEEECCCCCCCCCCCCCCCCCCCCCCCCCCCEECCEECCEECEEECCCEEEEEEEEEECCCCCEEEEEECCEEEEEEEECCCCCCEEEEEEEEECCCCEEEEEECCCCCEEEEEECCCCCCCCCCCCCCCCCCCCCCCCCCCCCCCCCCCCCCEEECCCCCCCCEEECEEEEEEEECCCCEEECCCCCCCCCCCCCCCCCCCCCCCCCCCCCCEECEEEEEEEEECCCCCCCCCCEEEECCCCCCCCCCCCHHHHCCCCCCEEECCCCCEEEECCCCCCCEECCCCCCCCCCCCCCCCCEEEEECCCCCCEEEEEEEEEEEECCCCCCCCCCC,491,,,,,
,,EGDAAAGEKVSKKCLACHTFDQGGANKVGPNLFGVFENTAAHKDNYAYSESYTEMKAKGLTWTEANLAAYVKNPKAFVLEKSGDPKAKSKMTFKLTKDDEIENVIAYLKTLK,,CCCHHHHHHHCCCCCCCCCCCCCCCCCCCCCCCCCCCCCCCCCCCCCCCHHHHHHHHCCCCCCHHHHHHHHHCHHHHHHHHHCCCCCCCCCCCCCCCHHHHHHHHHHHCCCC,112,,,,,
,,ADTIVAVELDTYPNTDIGDPSYPHIGIDIKSVRSKKTAKWNMQDGKVGTAHIIYNSVDKRLSAVVSYPNADATSVSYDVDLNDVLPEWVRVGLSASTGLYKETNTILSWSFTSKLKSNSTHQTDALHFMFNQFSKDQKDLILQGDATTGTDGNLELTRVSSNGSPEGSSVGRALFYAPVHIWESSAATVSFEATFAFLIKSPDSHPADGIAFFISNIDSSIPSGSTGRLLGLFPDAN,,CCCEEEEEEECCCCCCCCCCCCCEEEEEECCCCCCCEEECCCCCCCEEEEEEEEECCCCEEEEEEECCCCCCEEEEEECCCCCCCCCEEEEEEEEECCCCCCCCEECCEEEEEEECCCCCCCCEEEEEEECCCCCCCCCEEEEECCEECCCCCEECCCCCCCCCCCCCCEEEEEECCCEECCCCCCCCEEEEEEEEEECCCCCCCCCCCEEEEEECCCCCCCCCCCCCCCCCCCCCC,237,,,,,
,,ATYKVTLINEAEGINETIDCDDDTYILDAAEEAGLDLPYSCRAGACSTCAGTITSGTIDQSDQSFLDDDQIEAGYVLTCVAYPTSDCTIKTHQEEGLY,,CCEEEEEECCCCCCEEEEEECCCCCHHHHHHHCCCCCCCCCCCCCCCCCCCCCCCCCCCCCCCCCCCCCCCCCCCCCCCCCCCCCCEEECCCCCCCCC,98,,,,,
,,VLSPADKTNVKAAWGKVGAHAGEYGAEALERMFLSFPTTKTYFPHFDLSHGSAQVKGHGKKVADALTNAVAHVDDMPNALSALSDLHAHKLRVDPVNFKLLSHCLLVTLAAHLPAEFTPAVHASLDKFLASVSTVLTSKYRVHLTPEEKSAVTALWGKVNVDEVGGEALGRLLVVYPWTQRFFESFGDLSTPDAVMGNPKVKAHGKKVLGAFSDGLAHLDNLKGTFATLSELHCDKLHVDPENFRLLGNVLVCVLAHHFGKEFTPPVQAAYQKVVAGVANALAHKYH,,CCCHHHHHHHHHHHHHHCCCHHHHHHHHHHHHHHHCCCCCCCCCCCCCCCCCHHHHHHHHHHHHHHHHHHHCCCCHHHHCHHHHHHHHHCCCCCCHHHHHHHHHHHHHHHHHCCCCCCHHHHHHHHHHHHHHHHHHCCCCCCCCCHHHHHHHHHHHCCCCHHHHHHHHHHHHHHHCCCCCCCCCCCCCCCCHHHHHHCHHHHHHHHHHHHHHHHHCCCCCCHHHHHHHHHHHHHHCCCCCCHHHHHHHHHHHHHHHHHHCCCCCHHHHHHHHHHHHHHHHHHHCCCC,287,,,,,
,,IDVLLGADDGSLAFVPSEFSISPGEKIVFKNNAGFPHNIVFDEDSIPSGVDASKISMSEEDLLNAKGETFEVALSNKGEYSFYCSPHQGAGMVGKVTVN,,CEEEECCCCCCCCEECCEEEECCCCEEEEEECCCCCCCCEECCCCCCCCCCHHHHCCCCCCCCCCCCCEEEEECCCCEEEEEECCCCCCCCCEEEEEEC,99,,,,,
,,SLSSKLSVQDLDLKDKRVFIRVDFNVPLDGKKITSNQRIVAALPTIKYVLEHHPRYVVLASHLGRPNGERNEKYSLAPVAKELQSLLGKDVTFLNDCVGPEVEAAVKASAPGSVILLENLRYHIEEEGSRKVDGQKVKASKEDVQKFRHELSSLADVYINDAFGTAHRAHSSMVGFDLPQRAAGFLLEKELKYFGKALENPTRPFLAILGGAKVADKIQLIDNLLDKVDSIIIGGGMAFTFKKVLENTEIGDSIFDKAVGPEIAKLMEKAKAKGVEVVLPVDFIIADAFSASANTKTVTDKEGIPAGWQGLDNGPESRKLFAATVAKATVILWNGPPGVFEFEKFAAGTKALLDEVVKSSAAGNTVIIGGGDTATVAKKYGVTDKISHVSTGGGASLELLEGKELPGVAFLSEKK,,CCCCCCCCCCCCCCCCCEEEECCCCCCCCCCCCCCCHHHHHHHHHHHHHHHHCCCCCEEECCCCCCCCCCCCCCCCHHHHHHHHHHHCCCEECCCCCCCHHHHHHHHHCCCCEEEECCCCCCCCCCCCCCCCCCCCCCCCCHHHHHHHHHHHCCCCEEEECCCCCCCCCCCCCCCCCCCCEEECHHHHHHHHHHHHHCCCCCCCCEEEECCCCCCCHHHHHHHHHCCCCCEEEECCHHHHHHHCCHHHHHHCCCCCCCHHHHHHHHHHHHHHHCCEECCCCEEEECCCCCCCCCEEEECCCCCCCCCCCCCCCCHHHHHHHHHHHCCCCCEEECCCCCCCCCCCCCCHHHHHHHHHHHHCCCCCCEEECCCHHHHHHHHHCCCCCCEECCCCHHHHHHHHHCCCCHHHHHCCCCC,415,,,,,
,,PKLVLVRHGQSEWNEKNLFTGWVDVKLSAKGQQEAARAGELLKEKGVNVLVDYTSKLSRAIQTANIALEKADRLWIPVNRSWRLNERHYGDLQGKDKAQTLKKFGEEKFNTYRRSFDVPPPPIDASSPFSQKGDERYKYVDPNVLPETESLALVIDRLLPYWQDVIAKLVGKTSMIAAHGNSLRGLVKHLEGISDADIAKLNIPPGTILVFELDENLKPSKPSYYLDPEA,,CCCEECCCCCCCCHHHHCCCCCCCCCCCHHHHHHHHHHHHHHHHHCCCCCEEEEECCHHHHHHHHHHHHHHCCCCCCCEEECCCCCCCCCCCCCCCCCHHHHHCCCHHHHHCCCCCCCCCCCCCCCCCCCCCCCCCCCCCCCCCCCCCCCCCCHHHHHHHHHHHCHHHHCCCCEEECCCCCHHHHHHHHHCCCCCCCCCCCCCCCCCCEECCCCCCCCCCCCCCCCCCCC,230,,,,,
,,IIGGVESIPHSRPYMAHLDIVTEKGLRVICGGFLISRQFVLTAAHCKGREITVILGAHDVRKAESTQQKIKVEKQIIHESYNSAPNLHDIMLLKLEKKVELTPAVNVVPLPSPSDFIHPGAMCWAAGWGKTGVRDPTSYTLREVELRIMDEKACVDYGYYEYKFQVCVGSPTTLRAAFMGDSGGPLLCAGVAHGIVSYGHPDAKPPAIFTRVSTYVPWINAVVN,,CCCCEECCCCCCCCEEEEEEECCCCCEEEEEEEECCCCEEEECCCCCCCEEEEEECCCCCCCCCCCCEEEEEEEEEECCCCCCCCCCCCCEEEEECCCCCCCCCCCCCCCCCCCCCCCCCCEEEEEECCEEECCEEECCCCEEEEEEEECCCCCCCCCCCCCCCEEEECCCCCCCCCCCCCCCCEEEECCEEEEEEEECCCCCCCCEEEEEHHHHHHHHHHHHC,224,,,,,
,,ISGGDAIYSSTGRCSLGFNVRSGSTYYFLTAGHCTDGATTWWANSARTTVLGTTSGSSFPNNDYGIVRYTNTTIPKDGTVGGQDITSAANATVGMAVTRRGSTTGTHSGSVTALNATVNYGGGDVVYGMIRTNVCAEPGDSGGPLYSGTRAIGLTSGGSGNCSSGGTTFFQPVTEALVAYGVSVYDCSEYPKPACTLEYRPLCGSDNKTYGNKCNFCNAVVESNGTLTLSHFGKC,,CCCCCEEECCCCEEECCEEEEECCEEEEEECHHHHCCCCEEECCCCCCCEEEEEEEEECCCCCEEEEEECCCCCCCCCEECCEECCEECCCCCCCEEEEEECCCEEEEEEEEEEEEEEECCCCCEEEEEEEECCCCCCCCCCCEEEECCEEEEEEEEEEEECCCEEEEEEEEHHHHHHHHCCEECCCCCCCCCCEECCCCCEEECCCCEECCHHHHHHHHHHCCCCCCEEEECCC,235,,,,,
,,ITGTSTVGVGRGVLGDQKNINTTYSTYYYLQDNTRGDGIFTYDAKYRTTLPGSLWADADNQFFASYDAPAVDAHYYAGVTYDYYKNVHNRLSYDGNNAAIRSSVHYSQGYNNAFWNGSEMVYGDGDGQTFIPLSGGIDVVAHELTHAVTDYTAGLIYQNESGAINEAISDIFGTLVEFYANKNPDWEIGEDVYTPGISGDSLRSMSDPAKYGDPDHYSKRYTGTQDNGGVHINSGIINKAAYLISQGGTHYGVSVVGIGRDKLGKIFYRALTQYLTPTSNFSQLRAAAVQSATDLYGSTSQEVASVKQAFDAVGVK,,CCCEEEEEEEECCCCCEEEEEEEECCCEECEECCCCCCEEEEECCCCCCCCCEECEECCCEECCCCCHHHHHHHHHHHHHHHHHHHHHCCCCCCCCCCCEEEEECCCCCCCCEEECCCCEEECCCCCCCCCCCCCCHHHHHHHHHHHHHHHCCCCCCCHHHHHHHHHHHHHHHHHHHHHHCCCCCCEECCCCCCCCCCCCCCEECCCCCCCCCCCCCCCCCCCCHHHHHCCCCHHHHHHHHHHHHHCEEECCEEECCCCHHHHHHHHHHHHHHCCCCCCCHHHHHHHHHHHHHHHHCCCCHHHHHHHHHHHHCCCC,316,,,,,
,,EDPEVLFKNKGCVACHAIDTKMVGPAYKDVAAKFAGQAGAEAELAQRIKNGSQGVWGPIPMPPNAVSDDEAQTLAKWVLSQK,,CCHHHHHHHCCCCCCCCCCCCCCCCCHHHHHHHHCCCCCHHHHHHHHHHHCCCCCCCCCCCCCCCCCHHHHHHHHHHHHCCC,82,,,,,
,,ASSTNLKDILADLIPKEQARIKTFRQQHGNTVVGQITVDMMYGGMRGMKGLVYETSVLDPDEGIRFRGYSIPECQKMLPKAKGGEEPLPEGLFWLLVTGQIPTEEQVSWLSKEWAKRAALPSHVVTMLDNFPTNLHPMSQLSAAITALNSESNFARAYAEGIHRTKYWELIYEDCMDLIAKLPCVAAKIYRNLYREGSSIGAIDSKLDWSHNFTNMLGYTDAQFTELMRLYLTIHSDHEGGNVSAHTSHLVGSALSDPYLSFAAAMNGLAGPLHGLANQEVLVWLTQLQKEVGKDVSDEKLRDYIWNTLNSGRVVPGYGHAVLRKTDPRYTCQREFALKHLPHDPMFKLVAQLYKIVPNVLLEQGKAKNPWPNVDAHSGVLLQYYGMTEMNYYTVLFGVSRALGVLAQLIWSRALGFPLERPKSMSTDGLIKLVDSK,,CCCCCHHHHHHHHHHHHHHHHHHHHHHHCCCEEEEEEHHHHHCCCCCCEEEECCCCEEECCCEEECCCCCHHHHHHHCCCCCCCCCCCCHHHHHHHHHCCCCCHHHHHHHHHHHCCCCCCCHHHHHHHHHCCCCCCCCHHHHHHHHHHCCCCCHHHHHHHCCCCCCHHHHHHHHHHHHHHHHHHHHHHHHHHHHCCCCCCCCCCCCCCCCHHHHHHHCCCCCCHHHHHHHHHHHCCCCCCCCHHHHHHHHHHHCCCCHHHHHHHHHHHHCCCCCCCCCCCCCHHHHHHHHHCCCCCCCCCCHHHHHHHHHCCCCCCCCCCCCCCCCCHHHHHHHHHHCCCCCCCHHHHCCCCCCCCCCCCHHHHCCCCCCCCCCCCCCHHHHHHHCCCCCCCHHHHHHHHHHHHHHHHHHHHHHCCCCCCCCCEECHHHHHHHHCCC,437,,,,,
,,MISLIAALAVDRVIGMENAMPWNLPADLAWFKRNTLDKPVIMGRHTWESIGRPLPGRKNIILSSQPGTDDRVTWVKSVDEAIAACGDVPEIMVIGGGRVYEQFLPKAQKLYLTHIDAEVEGDTHFPDYEPDDWESVFSEFHDADAQNSHSYCFKILERR,,CEEEEEEECCCCCCCCCCCCCCCCHHHHHHHHHHHCCCEEEEEHHHHHHHCCCCCCCEEEEECCCCCCCCCCEEECCHHHHHHHHCCCCCEEEEECHHHHHHHCCCCCEEEEEEECCCCCCCCCCCCCCCCCEEEEEEEEECCCCCCCCCEEEEEEEEC,159,,,,,
,,MKIVYWSGTGNTEKMAELIAKGIIESGKDVNTINVSDVNIDELLNEDILILGCSAMGDEVLEESEFEPFIEEISTKISGKKVALFGSYGWGDGKWMRDFEERMNGYGCVVVETPLIVQNEPDEAEQDCIEFGKKIANI,,CEEEEECCCCHHHHHHHHHHHHHHHCCCCCEEEECCCCCCCCCCCCCEEEEEECCCCCCCCCCCCHHHHHHHHCCCCCCCEEEEEEEECCCCCHHHHHHHHHHHHCCCEECCCCEEEECCCCCCHHHHHHHHHHHHCC,138,,,,,
,,SSMDVTILSHCELSTELAVTVTIVVTSELVMPFTVGTWLRGVAQNWSKYAWVAIRYTYLPSCPTTTSGAIHMGFQYDMADTLPVSVNQLSNLKGYVTGPVWEGQSGLCFVNNTKCPDTSRAITIALDTNEVSEKRYPFKTATDYATAVGVNANIGNILVPARLVTAMEGGSSKTAVNTGRLYASYTIRLIEPIAAALNLQAGVSMAPIAQGTMVKLRPPMLRSSMDVTILSHCELSTELAVTVTIVVTSELVMPFTVGTWLRGVAQNWSKYAWVAIRYTYLPSCPTTTSGAIHMGFQYDMADTLPVSVNQLSNLKGYVTGPVWEGQSGLCFVNNTKCPDTSRAITIALDTNEVSEKRYPFKTATDYATAVGVNANIGNILVPARLVTAMEGGSSKTAVNTGRLYASYTIRLIEPIAAALNL,,CCCCCEEEEEEEEEEEEEECCCCEEEEEECCCCCCCHHHHHHHCCCCEEEEEEEEEEEEECCCCCCCCEEEEEEECCCCCCCCCCHHHHHCCCCCEEEECCCCCCCCCCCCCCCCCCCCCCCEEECCCCCCCCCCEECCCHHHHHHHHCCCCCCHHHHCCCEEEEEEECCCCCCCEEEEEEEEEEEEEECCCCCCCCCCCCCCCCCCCCCCCCCCCCCCEEEECCCCEEEEEEEEEEEEEECCCCCEEEEECCHHHHCCCHHHHHCCCCEEEEEEEEEEEEECCCCCCCCEEEEEEECCCCCCCCCCHHHHCCCCCCEEEECCCCCCCHHHHHCCCCCCCCCCCEEECCCCCCCCCCEECCCHHHHHHHHHHCCCCHHHHCCCEEEEEECCCCCCCCEEEEEEEEEEEEEECCCCCCCCCC,421,,,,,
,,ANPLYQKHIISINDLSRDDLNLVLATAAKLKANPQPELLKHKVIASCFFEASTRTRLSFQTSMHRLGASVVGFSDSANTSLGKKGQTLADTISVISTYVDAIVMRHPQEGAARLATEFSGNVPVLNAGDGSNQHPTQTLLDLFTIQQTEGRLDNLHVAMVGDLKYGRTVHSLTQALAKFDGNRFYFIAPDALAMPEYILDMLDEKGIAWSLHSSIEEVMAEVDILYMTRVQKERLDPSEYANVKAQFVLRASDLHNAKANMKVLHPLPRVDEIATDVDKTPHAWYFQQAGNGIFARQALLALVLNRDLVLMTHDNKLQVEAIKRGTVIDHIPAQIGFKLLSLFKLTETDQRITIGLNLPSGEMGRKDLIKIENTFLSEDQVDQLALYAPQATVNRIDNYEVVGKSRPSLPERIDNVLVCPNSNCISHAEPVSSSFAVRKRANDIALKCKYCEKEFSHNVVLAN,,CCCCCCCCCCCCCCCCHHHHHHHHHHHHHHHHCCCCCCCCCCEEEEEECCCCHHHHHHHHHHHHHCCCEEEEEECCCCCCCCCCCCCHHHHHHHHHHHCCEEEEECCCCCHHHHHHHHCCCCCEEECCCCCCCCHHHHHHHHHHHHHHHCCCCCCEEEEECCCCCCHHHHHHHHHHCCCCCCEEEEECCCCCCCCHHHHHHHHHCCCEEEECCCHHHHCCCCCEEEECCCCCCCCCHHHHHHHCCCCCCCHHHHCCCCCCCEEECCCCCCCCCCCCCCCCCCCCHHHHHHCHHHHHHHHHHHHHCCCCCCCCCCCCCCCCCCCCCCEECCCCCCHHHHHHHHCCCCCCCCCCEEECCCCCCCCCCCCCCCCCCCCCCCCHHHHCCCCCCCCCCCEECCCCEEECCCCCCCCCCCCCCCCCCCCCCCCCCCCCCCCEEEECCCCEEEECCCCCCEEEHHHHHHC,463,,,,,
,,ARSTNTFNYATYHTLDEIYDFMDLLVAQHPELVSKLQIGRSYEGRPIYVLKFSTGGSNRPAIWIDLGIHSREWITQATGVWFAKKFTENYGQNPSFTAILDSMDIFLEIVTNPNGFAFTHSENRLWRKTRSVTSSSLCVGVDANRNWDAGFGKAGASSSPCSETYHGKYANSEVEVKSIVDFVKNHGNFKAFLSIHSYSQLLLYPYGYTTQSIPDKTELNQVAKSAVAALKSLYGTSYKYGSIITTIYQASGGSIDWSYNQGIKYSFTFELRDTGRYGFLLPASQIIPTAQETWLGVLTIMEHTVNN,,CCCCCCCCCCCCCCHHHHHHHHHHHHHHCCCCEEEEEEEECCCCCEEEEEEECCCCCCCCEEEEEECCCCCCHHHHHHHHHHHHHHHHHCCCCHHHHHHHCCCEEEEECCCCHHHHHHHHHCCCCCCCCCCCCCCCCCCCCCCCCCCCCCCCCCCCCCCCCCCCCCCCCCCCCHHHHHHHHHHHHHCCEEEEEEEEECCCEEEECCCCCCCCCCCHHHHHHHHHHHHHHHHCCCCCCCEEEEHHHHCCCCCCCHHHHHHHCCCCEEEEEEECCCCCCCCCCCCCCHHHHHHHHHHHHHHHHHHHHHC,307,,,,,
,,ATLKEKLIAPVAQQETTIPDNKITVVGVGQVGMACAISILGKSLTDELALVDVLEDKLKGEMMDLQHGSLFLQTPKIVANKDYSVTANSKIVVVTAGVRQQEGESRLNLVQRNVNVFKFIIPQIVKYSPNCIIIVVSNPVDILTYVAWKLSGLPKHRVIGSGCNLDSARFRYLMGEKLGVHPSSCHGWILGEHGDSSVAVWSGVNVAGVVLQQLNPEMGTDNDSENWKEVHKMVVESAYEVIKLKGYTNWAIGLSVADLIESMLKNLSRIHPVSTMVQGMYGIENEVFLSLPCVLNARGLTSVINQKLKDDEVAQLKNSADTLWGIQKDLKDL,,CCCCCCCCCCCCCCCCCCCCCCEEECCCCHHHHHHHHHHHHHCCCCCEEECCCCCHHHHHHHHHHHHHCCCCCCCCEECCCCCCCCCCCCEEEECCCCCCCCCCCCCCCCHHHHHHHHCCHHHHHHHCCCCEEEECCCCHHHHHHHHHHHHCCHHHHEECCCCHHHHHHHHHHHHHHHCCCCCCCCCCEECCCCCCCEECCCCCCCCCCCCCCCCCCCCCCCCCCCHHHHHHHHHHHHHCCCCCCHHHHHHHHHHHHHHHHHHHHCCCCCCCCCCCCCCCCCCCCCCCCCCCEEEECCEEEEECCCCCCCCHHHHHHHHHHHHHHHHHHHCCC,333,,,,,
,,RPDFCLEPPYTGPCKARIIRYFYNAKAGLCQTFVYGGCRAKRNNFKSAEDCMRTCGGA,,CCCCCCCCCCCCCCCCCEEEEEEECCCCEEEEEEECCCCCCCCCCCCHHHHHHHHCCC,58,,,,,
,,MKKYTCTVCGYIYDPEDGDPDDGVNPGTDFKDIPDDWVCPLCGVGKDEFEEVEE,,CCCEEECCCCCEECCCCCCCCCCCCCCCCCCCCCCCCCCCCCCCCCCCEEECCC,54,,,,,
,,STAGKVIKCKAAVLWEEKKPFSIEEVEVAPPKAHEVRIKMVATGICRSDDHVVSGTLVTPLPVIAGHEAAGIVESIGEGVTTVRPGDKVIPLFTPQCGKCRVCKHPEGNFCLKNDLSMPRGTMQDGTSRFTCRGKPIHHFLGTSTFSQYTVVDEISVAKIDAASPLEKVCLIGCGFSTGYGSAVKVAKVTQGSTCAVFGLGGVGLSVIMGCKAAGAARIIGVDINKDKFAKAKEVGATECVNPQDYKKPIQEVLTEMSNGGVDFSFEVIGRLDTMVTALSCCQEAYGVSVIVGVPPDSQNLSMNPMLLLSGRTWKGAIFGGFKSKDSVPKLVADFMAKKFALDPLITHVLPFEKINEGFDLLRSGESIRTILTF,,CCCCCCEEEEEEECCCCCCCCEEEEEEECCCCCCCEEEEEEEECCCCCCCHHHHCCCCCCCCEECCCCEEEEEEEECCCCCCCCCCCEEEECCCCCCCCCCCCCCCCCCCCCCCCCCCCCCCCCCCCCCCCCCCCCCEECCCCCCCCCEEEECCCCEEECCCCCCCCCCCCCCCCHHHHHHHHHCCCCCCCCCEEEEECCCCHHHHCHHHHCCCCCCEEEEECCCCCCHHHHHCCCCCEEECCCCCCCCHHHHHHHHCCCCCCEEEECCCCCCHHHHHHHCCCCCCCEEEECCCCCCCCCEEECHHHHHCCCCEEECCCCCCCHHHHCCCCCCCCCCCCCCCCCCCCCCCCCCCHHHHHHHHCCCCCCCCCCCC,374,,,,,
,,NRDPASDQMKHWKEQRAAQKPDVLTTGGGNPVGDKLNSLTVGPRGPLLVQDVVFTDEMAHFDRERIPERVVHAKGAGAFGYFEVTHDITRYSKAKVFEHIGKRTPIAVRFSTVAGESGSADTVRDPRGFAVKFYTEDGNWDLVGNNTPIFFIRDALLFPSFIHSQKRNPQTHLKDPDMVWDFWSLRPESLHQVSFLFSDRGIPDGHRHMDGYGSHTFKLVNADGEAVYCKFHYKTDQGIKNLSVEDAARLAHEDPDYGLRDLFNAIATGNYPSWTLYIQVMTFSEAEIFPFNPFDLTKVWPHGDYPLIPVGKLVLNRNPVNYFAEVEQLAFDPSNMPPGIEPSPDKMLQGRLFAYPDTHRHRLGPNYLQIPVNCPYRARVANYQRDGPMCMMDNQGGAPNYYPNSFSAPEHQPSALEHRTHFSGDVQRFNSANDDNVTQVRTFYLKVLNEEQRKRLCENIAGHLKDAQLFIQKKAVKNFSDVHPEYGSRIQALLDKYN,,CCCCCCCHHHHHHHCCCCCCCCCCCCCCCCCCCCCCCCCEECCCCCCCCCCCCHHHHHHHHCCCCCCCCCCCCCEEEEEEEEEECCCCCCCCCCCCCCCCCCEEEEEEEEECCCCCCCCCCCCCCCCEEEEEEEECCEEEEEEEECCCCCCCCCCCCHHHHHHCCCCCCCCCCCCHHHHHHHHHCCCCCHHHHHHHCCCCCCCCCCCCCCEECCCCEEEECCCCCEEEEEEEEEECCCCCCCCHHHHHHHHHHCCCHHHHHHHHHHHHCCCCEEEEEEEEECHHHHHHCCCCCCCCCCCCCCCCCCCEEEEEEEEEECCCCHHHHCCCCCCCCCCCCCCEEECCCHHHHHHHHHHHHHHHHHCCCCCCCCCCCCCCCCCCCCCCCCCCCCCCCCCCCCCCCCCCCCCCCCCCCCCCCCCCCCCCCEECCCCCCCCCCHHHHHHHHHCCCCHHHHHHHHHHHHHHCCCCHHHHHHHHHHHHHHCHHHHHHHHHHHHHHC,498,,,,,
